{"stats":{"minecraft:custom":{"minecraft:jump":7,"minecraft:time_since_rest":4892,"minecraft:damage_dealt":428,"minecraft:crouch_one_cm":82,"minecraft:leave_game":2,"minecraft:play_time":4892,"minecraft:time_since_death":4892,"minecraft:walk_one_cm":5864,"minecraft:sneak_time":86,"minecraft:total_world_time":4892,"minecraft:fall_one_cm":200,"minecraft:fly_one_cm":14494},"minecraft:used":{"boh:lifeform_spawn_egg":1,"boh:whiteface_spawn_egg":2,"minecraft:netherite_sword":14,"thestarvedstalker:famine_spawn_egg":1,"alexsmobs:animal_dictionary":3,"boh:saw_runner_spawn_egg":28}},"DataVersion":3120}